label,value
ProceedsFromShortTermDebtMaturingInMoreThanThreeMonths,"34,614,000,000"
StateAndLocalIncomeTaxExpenseBenefitContinuingOperations,"1,483,000,000"
PaymentsRelatedToTaxWithholdingForShareBasedCompensation,"18,578,000,000"
IncomeLossFromContinuingOperationsBeforeIncomeTaxesExtraordinaryItemsNoncontrollingInterest,"208,666,000,000"
RevenueFromContractWithCustomerExcludingAssessedTax,"4,260,374,000,000"
NonoperatingIncomeExpense,"4,471,000,000"
OperatingIncomeLoss,"735,980,000,000"
AdjustmentsToAdditionalPaidInCapitalSharebasedCompensationRequisiteServicePeriodRecognitionValue,"18,612,000,000"
OtherComprehensiveIncomeLossReclassificationAdjustmentFromAOCIOnDerivativesNetOfTax,"-405,000,000"
EffectiveIncomeTaxRateReconciliationAtFederalStatutoryIncomeTaxRate,0
ShareBasedCompensationArrangementByShareBasedPaymentAwardEquityInstrumentsOtherThanOptionsVestedInPeriodTotalFairValue,"27,000,000,000"
IncreaseDecreaseInOtherOperatingLiabilities,"42,665,000,000"
DepreciationDepletionAndAmortization,"34,506,000,000"
ResearchAndDevelopmentExpense,"49,205,000,000"
InterestCostsIncurred,"9,000,000,000"
InterestPaidNet,"9,447,000,000"
IncreaseDecreaseInOtherOperatingAssets,"9,138,000,000"
EffectiveIncomeTaxRateReconciliationShareBasedCompensationExcessTaxBenefitAmount,"-2,244,000,000"
ShareBasedCompensationArrangementByShareBasedPaymentAwardEquityInstrumentsOtherThanOptionsGrantsInPeriodWeightedAverageGrantDateFairValue,153
IncomeTaxReconciliationStateAndLocalIncomeTaxes,"694,000,000"
OtherComprehensiveIncomeLossTaxPortionAttributableToParent1,"1,868,000,000"
CurrentStateAndLocalTaxExpenseBenefit,"1,481,000,000"
PaymentsOfDividends,"41,912,000,000"
CostOfGoodsAndServicesSold,"989,128,000,000"
CurrentForeignTaxExpenseBenefit,"11,082,000,000"
EarningsPerShareDiluted,15
ProceedsFromMaturitiesPrepaymentsAndCallsOfAvailableForSaleSecurities,"165,901,000,000"
IncomeTaxReconciliationOtherAdjustments,"544,000,000"
AdjustmentsRelatedToTaxWithholdingForShareBasedCompensation,"9,611,000,000"
ProceedsFromSaleOfAvailableForSaleSecuritiesDebt,"155,299,000,000"
UnrecognizedTaxBenefitsDecreasesResultingFromSettlementsWithTaxingAuthorities,"1,693,000,000"
AntidilutiveSecuritiesExcludedFromComputationOfEarningsPerShareAmount,"62,000,000"
IncreaseDecreaseInContractWithCustomerLiability,"1,453,000,000"
OtherComprehensiveIncomeLossDerivativesQualifyingAsHedgesNetOfTax,"267,000,000"
OciBeforeReclassificationsBeforeTaxAttributableToParent,"10,500,000,000"
OtherComprehensiveIncomeLossNetOfTaxPortionAttributableToParent,"2,620,000,000"
ContractWithCustomerLiabilityRevenueRecognized,"16,700,000,000"
StandardProductWarrantyAccrualWarrantiesIssued,"10,448,000,000"
CurrentFederalTaxExpenseBenefit,"54,115,000,000"
IncomeTaxReconciliationIncomeTaxExpenseBenefitAtFederalStatutoryIncomeTaxRate,"45,784,000,000"
ReclassificationFromAociCurrentPeriodBeforeTaxAttributableToParent,"2,986,000,000"
OtherComprehensiveIncomeLossForeignCurrencyTransactionAndTranslationAdjustmentNetOfTax,"-845,000,000"
CommonStockDividendsPerShareDeclared,2
OtherComprehensiveIncomeLossCashFlowHedgeGainLossReclassificationBeforeTax,"3,090,000,000"
RepaymentsOfLongTermDebt,"27,934,000,000"
EarningsPerShareBasic,15
OperatingExpenses,"104,071,000,000"
NetCashProvidedByUsedInInvestingActivities,"57,673,000,000"
GrossProfit,"508,535,000,000"
UnrecognizedTaxBenefitsReductionsResultingFromLapseOfApplicableStatuteOfLimitations,"148,000,000"
Depreciation,"30,300,000,000"
EffectiveIncomeTaxRateContinuingOperations,0
DeferredFederalIncomeTaxExpenseBenefit,"-40,377,000,000"
ProceedsFromPaymentsForOtherFinancingActivities,"-231,000,000"
IncreaseDecreaseInAccountsReceivable,"-1,840,000,000"
PaymentsToAcquireBusinessesNetOfCashAcquired,"2,869,000,000"
PaymentsToAcquireOtherInvestments,"3,082,000,000"
ShareBasedCompensationArrangementByShareBasedPaymentAwardEquityInstrumentsOtherThanOptionsGrantsInPeriod,"485,611,000"
DeferredIncomeTaxExpenseBenefit,"-33,145,000,000"
StockIssuedDuringPeriodValueNewIssues,"2,330,000,000"
Dividends,"41,951,000,000"
IncreaseDecreaseInInventories,"-412,000,000"
CashCashEquivalentsRestrictedCashAndRestrictedCashEquivalentsPeriodIncreaseDecreaseIncludingExchangeRateEffect,"19,500,000,000"
IncreaseDecreaseInAccountsPayable,"3,190,000,000"
FederalIncomeTaxExpenseBenefitContinuingOperations,"13,738,000,000"
NetIncomeLoss,"284,865,000,000"
ProceedsFromOtherShortTermDebt,"5,200,000,000"
InvestmentIncomeInterestAndDividend,"14,410,000,000"
IncomeTaxReconciliationTaxCreditsResearch,"1,836,000,000"
ShareBasedCompensationArrangementByShareBasedPaymentAwardEquityInstrumentsOtherThanOptionsVestedInPeriod,"504,966,000"
OtherComprehensiveIncomeLossAvailableForSaleSecuritiesAdjustmentNetOfTax,"1,560,000,000"
DeferredStateAndLocalIncomeTaxExpenseBenefit,"2,000,000"
UnrecognizedTaxBenefitsIncreasesResultingFromPriorPeriodTaxPositions,"8,730,000,000"
ShareBasedCompensation,"18,237,000,000"
GainLossFromComponentsExcludedFromAssessmentOfFairValueHedgeEffectivenessNet,"1,242,000,000"
OtherNonoperatingIncomeExpense,"-106,000,000"
DeferredForeignIncomeTaxExpenseBenefit,"7,230,000,000"
AllocatedShareBasedCompensationExpense,"18,237,000,000"
OtherNoncashIncomeExpense,"1,193,000,000"
StandardProductWarrantyAccrualPayments,"10,928,000,000"
WeightedAverageNumberOfDilutedSharesOutstanding,"56,124,300,000"
ForeignIncomeTaxExpenseBenefitContinuingOperations,"18,312,000,000"
IncomeTaxReconciliationForeignIncomeTaxRateDifferential,"-10,765,000,000"
EffectiveIncomeTaxRateReconciliationTaxCutsAndJobsActOf2017Amount,"933,000,000"
ShareBasedCompensationArrangementByShareBasedPaymentAwardEquityInstrumentsOtherThanOptionsForfeitedInPeriod,"60,151,000"
OtherComprehensiveIncomeUnrealizedGainLossOnDerivativesArisingDuringPeriodNetOfTax,"-138,000,000"
VariableLeaseCost,"9,300,000,000"
OperatingLeasePayments,"1,500,000,000"
OperatingLeasesRentExpenseNet,"2,500,000,000"
UnrecognizedTaxBenefitsDecreasesResultingFromPriorPeriodTaxPositions,"3,689,000,000"
ShareBasedCompensationArrangementByShareBasedPaymentAwardEquityInstrumentsOtherThanOptionsForfeituresWeightedAverageGrantDateFairValue,120
RepaymentsOfShortTermDebtMaturingInMoreThanThreeMonths,"39,487,000,000"
ProceedsFromRepaymentsOfShortTermDebtMaturingInMoreThanThreeMonths,"-4,873,000,000"
EmployeeServiceShareBasedCompensationTaxBenefitFromCompensationExpense,"6,336,000,000"
ProceedsFromSaleAndMaturityOfOtherInvestments,"2,079,000,000"
OtherComprehensiveIncomeLossDerivativeExcludedComponentIncreaseDecreaseBeforeAdjustmentsAndTax,"-168,000,000"
RepaymentsOfOtherShortTermDebt,"5,200,000,000"
ProceedsFromRepaymentsOfShortTermDebtMaturingInThreeMonthsOrLess,"-2,104,000,000"
ShareBasedCompensationArrangementByShareBasedPaymentAwardEquityInstrumentsOtherThanOptionsVestedInPeriodWeightedAverageGrantDateFairValue,101
PaymentsForProceedsFromOtherInvestingActivities,"2,614,000,000"
IncreaseDecreaseInOtherReceivables,"3,526,000,000"
StockRepurchasedAndRetiredDuringPeriodValue,"285,173,000,000"
WeightedAverageNumberDilutedSharesOutstandingAdjustment,"479,335,000"
OtherComprehensiveIncomeUnrealizedHoldingGainLossOnSecuritiesArisingDuringPeriodNetOfTax,"1,597,000,000"
IncomeTaxesPaidNet,"35,181,000,000"
ComprehensiveIncomeNetOfTax,"171,995,000,000"
OtherComprehensiveIncomeLossReclassificationAdjustmentFromAOCIForSaleOfSecuritiesNetOfTax,"37,000,000"
SharesPaidForTaxWithholdingForShareBasedCompensation,"179,000,000"
SellingGeneralAndAdministrativeExpense,"54,866,000,000"
PaymentsForRepurchaseOfCommonStock,"211,993,000,000"
NetCashProvidedByUsedInFinancingActivities,"-265,672,000,000"
PaymentsToAcquireAvailableForSaleSecuritiesDebt,"225,924,000,000"
ProceedsFromRepaymentsOfCommercialPaper,"-6,977,000,000"
InterestExpense,"9,689,000,000"
StockRepurchasedAndRetiredDuringPeriodShares,"5,042,287,000"
UnrecognizedTaxBenefitsIncomeTaxPenaltiesAndInterestExpense,"647,000,000"
IncomeLossFromContinuingOperationsBeforeIncomeTaxesForeign,"130,400,000,000"
NetCashProvidedByUsedInOperatingActivities,"227,499,000,000"
DefinedContributionPlanMaximumAnnualContributionsPerEmployeeAmount,"19,500"
IncomeTaxExpenseBenefit,"33,533,000,000"
ProceedsFromIssuanceOfCommonStock,"2,330,000,000"
OtherComprehensiveIncomeLossCashFlowHedgeGainLossBeforeReclassificationAndTax,"616,000,000"
WeightedAverageNumberOfSharesOutstandingBasic,"55,644,965,000"
ProceedsFromIssuanceOfLongTermDebt,"30,023,000,000"
Revenues,"571,000,000"
PaymentsToAcquirePropertyPlantAndEquipment,"31,117,000,000"
UnrecognizedTaxBenefitsIncreasesResultingFromCurrentPeriodTaxPositions,"4,868,000,000"
OperatingLeaseCost,"1,500,000,000"
OtherComprehensiveIncomeLossCashFlowHedgeGainLossReclassificationAfterTax,"1,264,000,000"
